Epoch,train_sat,test_sat,train_accuracy,test_accuracy
0,0.4856,0.4820,0.3200,0.1800
1,0.4873,0.4833,0.3200,0.1800
2,0.4890,0.4844,0.3600,0.1800
3,0.4905,0.4855,0.3600,0.2000
4,0.4919,0.4865,0.3600,0.2000
5,0.4932,0.4874,0.4000,0.3000
6,0.4944,0.4882,0.4600,0.3200
7,0.4955,0.4889,0.4800,0.3400
8,0.4965,0.4894,0.4800,0.3400
9,0.4973,0.4899,0.4600,0.3800
10,0.4981,0.4903,0.4600,0.3800
11,0.4987,0.4905,0.4800,0.4200
12,0.4992,0.4907,0.5200,0.4600
13,0.4996,0.4908,0.5600,0.4600
14,0.4999,0.4908,0.5400,0.4600
15,0.5002,0.4908,0.5800,0.4600
16,0.5003,0.4907,0.5800,0.4400
17,0.5004,0.4906,0.6000,0.4200
18,0.5005,0.4905,0.6000,0.4200
19,0.5005,0.4903,0.5800,0.4200
20,0.5005,0.4902,0.5400,0.4200
21,0.5005,0.4900,0.5600,0.4200
22,0.5005,0.4899,0.5600,0.4200
23,0.5005,0.4898,0.5600,0.4200
24,0.5006,0.4897,0.5600,0.4200
25,0.5006,0.4896,0.5600,0.4200
26,0.5007,0.4896,0.5600,0.4400
27,0.5008,0.4896,0.5800,0.4400
28,0.5009,0.4896,0.5800,0.4400
29,0.5010,0.4896,0.5600,0.4400
30,0.5011,0.4896,0.5600,0.4400
31,0.5012,0.4896,0.5400,0.4400
32,0.5014,0.4896,0.5600,0.4400
33,0.5015,0.4897,0.5600,0.4400
34,0.5016,0.4897,0.5400,0.4400
35,0.5017,0.4897,0.5400,0.4400
36,0.5018,0.4897,0.5600,0.4400
37,0.5019,0.4897,0.5400,0.4400
38,0.5020,0.4898,0.5400,0.4200
39,0.5021,0.4898,0.5400,0.4400
40,0.5022,0.4898,0.5400,0.4400
41,0.5023,0.4898,0.5400,0.4600
42,0.5023,0.4898,0.5400,0.4600
43,0.5024,0.4898,0.5400,0.4600
44,0.5024,0.4898,0.5400,0.4600
45,0.5025,0.4898,0.5400,0.4600
46,0.5026,0.4898,0.5600,0.4600
47,0.5026,0.4898,0.5600,0.4600
48,0.5027,0.4899,0.5600,0.4600
49,0.5027,0.4899,0.5600,0.4600
50,0.5028,0.4899,0.5600,0.4600
51,0.5029,0.4900,0.5600,0.4600
52,0.5029,0.4900,0.5400,0.4600
53,0.5030,0.4901,0.5400,0.4600
54,0.5031,0.4901,0.5400,0.4600
55,0.5031,0.4902,0.5400,0.4600
56,0.5032,0.4902,0.5400,0.4600
57,0.5033,0.4903,0.5400,0.4600
58,0.5033,0.4904,0.5400,0.4600
59,0.5034,0.4904,0.5400,0.4600
60,0.5035,0.4905,0.5400,0.4400
61,0.5035,0.4906,0.5400,0.4400
62,0.5036,0.4907,0.5400,0.4400
63,0.5036,0.4907,0.5400,0.4400
64,0.5037,0.4908,0.5400,0.4400
65,0.5038,0.4909,0.5400,0.4400
66,0.5038,0.4910,0.5400,0.4600
67,0.5039,0.4911,0.5200,0.4600
68,0.5040,0.4912,0.5200,0.4600
69,0.5040,0.4913,0.5200,0.4600
70,0.5041,0.4914,0.5200,0.4600
71,0.5041,0.4915,0.5200,0.4600
72,0.5042,0.4916,0.5200,0.4600
73,0.5043,0.4917,0.5200,0.4600
74,0.5043,0.4918,0.5200,0.4600
75,0.5044,0.4919,0.5200,0.4600
76,0.5045,0.4920,0.5200,0.4600
77,0.5045,0.4921,0.5200,0.4600
78,0.5046,0.4922,0.5200,0.4600
79,0.5047,0.4923,0.5200,0.4600
80,0.5047,0.4924,0.5200,0.4600
81,0.5048,0.4925,0.5400,0.4600
82,0.5049,0.4926,0.5400,0.4800
83,0.5049,0.4928,0.5400,0.4800
84,0.5050,0.4929,0.5400,0.4800
85,0.5051,0.4930,0.5400,0.4800
86,0.5051,0.4931,0.5400,0.4800
87,0.5052,0.4932,0.5400,0.4800
88,0.5053,0.4933,0.5400,0.4800
89,0.5053,0.4935,0.5400,0.4800
90,0.5054,0.4936,0.5400,0.4800
91,0.5055,0.4937,0.5400,0.4800
92,0.5055,0.4938,0.5400,0.4800
93,0.5056,0.4940,0.5400,0.4800
94,0.5057,0.4941,0.5200,0.4800
95,0.5057,0.4942,0.5200,0.4800
96,0.5058,0.4943,0.5200,0.4800
97,0.5059,0.4945,0.5200,0.4800
98,0.5059,0.4946,0.5200,0.4800
99,0.5060,0.4947,0.5200,0.4800
100,0.5061,0.4948,0.5200,0.4800
101,0.5062,0.4950,0.5200,0.4800
102,0.5062,0.4951,0.5200,0.4800
103,0.5063,0.4952,0.5200,0.5000
104,0.5064,0.4954,0.5200,0.5000
105,0.5065,0.4955,0.5200,0.5000
106,0.5065,0.4956,0.5200,0.5000
107,0.5066,0.4958,0.5200,0.5000
108,0.5067,0.4959,0.5200,0.5000
109,0.5068,0.4960,0.5200,0.5000
110,0.5068,0.4962,0.5200,0.5000
111,0.5069,0.4963,0.5200,0.5000
112,0.5070,0.4964,0.5400,0.5000
113,0.5071,0.4966,0.5400,0.5000
114,0.5072,0.4967,0.5400,0.5000
115,0.5072,0.4968,0.5400,0.5000
116,0.5073,0.4970,0.5400,0.5000
117,0.5074,0.4971,0.5400,0.5000
118,0.5075,0.4973,0.5400,0.5000
119,0.5076,0.4974,0.5600,0.5200
120,0.5076,0.4976,0.5600,0.5000
121,0.5077,0.4977,0.5600,0.5000
122,0.5078,0.4979,0.5600,0.5000
123,0.5079,0.4980,0.5600,0.5000
124,0.5080,0.4982,0.5600,0.5000
125,0.5081,0.4983,0.5600,0.5000
126,0.5082,0.4985,0.5600,0.5000
127,0.5083,0.4986,0.5600,0.5000
128,0.5083,0.4988,0.5600,0.5000
129,0.5084,0.4989,0.5600,0.5000
130,0.5085,0.4991,0.5600,0.5000
131,0.5086,0.4992,0.5600,0.5000
132,0.5087,0.4994,0.5600,0.5000
133,0.5088,0.4996,0.5600,0.5000
134,0.5089,0.4997,0.5600,0.5000
135,0.5090,0.4999,0.5800,0.5000
136,0.5091,0.5001,0.5800,0.5000
137,0.5092,0.5002,0.5800,0.5000
138,0.5093,0.5004,0.5800,0.5000
139,0.5094,0.5006,0.5800,0.5000
140,0.5095,0.5008,0.5800,0.5000
141,0.5096,0.5009,0.6000,0.5000
142,0.5097,0.5011,0.6000,0.5000
143,0.5098,0.5013,0.6000,0.5000
144,0.5099,0.5015,0.6000,0.5000
145,0.5100,0.5017,0.6000,0.5000
146,0.5102,0.5019,0.6000,0.5000
147,0.5103,0.5020,0.6000,0.5000
148,0.5104,0.5022,0.6000,0.5000
149,0.5105,0.5024,0.6000,0.5000
150,0.5106,0.5026,0.6000,0.5000
151,0.5107,0.5028,0.6000,0.5000
152,0.5108,0.5030,0.6000,0.5000
153,0.5110,0.5032,0.6000,0.5000
154,0.5111,0.5034,0.6000,0.5000
155,0.5112,0.5036,0.6000,0.5000
156,0.5113,0.5038,0.6000,0.5000
157,0.5114,0.5040,0.6000,0.5000
158,0.5116,0.5043,0.6000,0.5000
159,0.5117,0.5045,0.6000,0.5000
160,0.5118,0.5047,0.6000,0.5000
161,0.5120,0.5049,0.6000,0.5000
162,0.5121,0.5051,0.6000,0.5000
163,0.5122,0.5054,0.6000,0.5000
164,0.5124,0.5056,0.6000,0.5000
165,0.5125,0.5058,0.6000,0.5000
166,0.5126,0.5061,0.6000,0.5000
167,0.5128,0.5063,0.6000,0.5000
168,0.5129,0.5065,0.6000,0.5000
169,0.5131,0.5068,0.6000,0.5000
170,0.5132,0.5070,0.6000,0.5000
171,0.5134,0.5073,0.6000,0.5000
172,0.5135,0.5075,0.6000,0.5000
173,0.5137,0.5078,0.6000,0.5000
174,0.5138,0.5081,0.6000,0.5000
175,0.5140,0.5083,0.6000,0.5000
176,0.5142,0.5086,0.6000,0.5000
177,0.5143,0.5089,0.6000,0.5000
178,0.5145,0.5091,0.6000,0.5000
179,0.5146,0.5094,0.6000,0.4800
180,0.5148,0.5097,0.6000,0.4800
181,0.5150,0.5100,0.6000,0.4800
182,0.5152,0.5103,0.6000,0.4800
183,0.5153,0.5106,0.6000,0.4800
184,0.5155,0.5109,0.6000,0.4800
185,0.5157,0.5112,0.6000,0.4800
186,0.5159,0.5115,0.6000,0.4800
187,0.5161,0.5118,0.6000,0.4800
188,0.5163,0.5121,0.6000,0.4800
189,0.5164,0.5124,0.6000,0.4800
190,0.5166,0.5128,0.6000,0.4800
191,0.5168,0.5131,0.6000,0.4800
192,0.5170,0.5134,0.6000,0.4800
193,0.5172,0.5138,0.6000,0.4800
194,0.5174,0.5141,0.6000,0.4800
195,0.5177,0.5144,0.6000,0.4800
196,0.5179,0.5148,0.6000,0.4800
197,0.5181,0.5152,0.6000,0.4800
198,0.5183,0.5155,0.6000,0.4800
199,0.5185,0.5159,0.6000,0.4800
200,0.5188,0.5163,0.6000,0.5000
201,0.5190,0.5166,0.6000,0.5000
202,0.5192,0.5170,0.6000,0.5000
203,0.5194,0.5174,0.6000,0.5000
204,0.5197,0.5178,0.6000,0.5000
205,0.5199,0.5182,0.6000,0.5000
206,0.5202,0.5186,0.6000,0.5000
207,0.5204,0.5190,0.6000,0.5000
208,0.5207,0.5194,0.6000,0.5000
209,0.5209,0.5199,0.6000,0.5000
210,0.5212,0.5203,0.6000,0.5000
211,0.5215,0.5207,0.6000,0.5000
212,0.5217,0.5212,0.6000,0.5000
213,0.5220,0.5216,0.6000,0.5000
214,0.5223,0.5221,0.6000,0.5000
215,0.5225,0.5225,0.6000,0.4800
216,0.5228,0.5230,0.6000,0.4800
217,0.5231,0.5235,0.6000,0.4800
218,0.5234,0.5239,0.6000,0.4800
219,0.5237,0.5244,0.6000,0.4800
220,0.5240,0.5249,0.6000,0.4800
221,0.5243,0.5254,0.6000,0.4800
222,0.5246,0.5259,0.6200,0.4800
223,0.5249,0.5264,0.6200,0.4800
224,0.5253,0.5270,0.6200,0.4800
225,0.5256,0.5275,0.6200,0.4800
226,0.5259,0.5280,0.6200,0.4800
227,0.5262,0.5286,0.6200,0.4800
228,0.5266,0.5291,0.6200,0.4800
229,0.5269,0.5297,0.6200,0.4800
230,0.5273,0.5302,0.6200,0.4800
231,0.5276,0.5308,0.6200,0.4800
232,0.5280,0.5314,0.6200,0.4800
233,0.5283,0.5319,0.6200,0.4800
234,0.5287,0.5325,0.6200,0.4800
235,0.5291,0.5331,0.6200,0.4800
236,0.5294,0.5337,0.6200,0.4800
237,0.5298,0.5343,0.6200,0.4800
238,0.5302,0.5349,0.6200,0.4800
239,0.5306,0.5356,0.6200,0.4800
240,0.5310,0.5362,0.6200,0.4800
241,0.5314,0.5368,0.6200,0.4800
242,0.5318,0.5375,0.6200,0.4800
243,0.5322,0.5381,0.6200,0.5000
244,0.5326,0.5388,0.6200,0.5000
245,0.5330,0.5394,0.6200,0.5000
246,0.5335,0.5401,0.6200,0.5000
247,0.5339,0.5408,0.6200,0.5200
248,0.5343,0.5414,0.6600,0.5200
249,0.5348,0.5421,0.6600,0.5400
250,0.5352,0.5428,0.6800,0.5400
251,0.5357,0.5435,0.6800,0.5400
252,0.5361,0.5442,0.6800,0.5400
253,0.5366,0.5450,0.6800,0.5600
254,0.5370,0.5457,0.6800,0.5600
255,0.5375,0.5464,0.6800,0.5600
256,0.5380,0.5471,0.6800,0.5600
257,0.5385,0.5479,0.6800,0.5600
258,0.5389,0.5486,0.6800,0.5600
259,0.5394,0.5494,0.6800,0.5600
260,0.5399,0.5502,0.6800,0.5800
261,0.5404,0.5509,0.6800,0.5800
262,0.5409,0.5517,0.6800,0.6000
263,0.5415,0.5525,0.6800,0.6000
264,0.5420,0.5533,0.6800,0.6000
265,0.5425,0.5541,0.6800,0.6000
266,0.5430,0.5549,0.6800,0.6200
267,0.5436,0.5557,0.6800,0.6200
268,0.5441,0.5565,0.6800,0.6200
269,0.5447,0.5573,0.6800,0.6200
270,0.5452,0.5581,0.6800,0.6200
271,0.5458,0.5589,0.6800,0.6200
272,0.5463,0.5597,0.6800,0.6200
273,0.5469,0.5606,0.6800,0.6200
274,0.5475,0.5614,0.6800,0.6200
275,0.5481,0.5622,0.6800,0.6200
276,0.5487,0.5631,0.7000,0.6400
277,0.5493,0.5639,0.7000,0.6400
278,0.5499,0.5647,0.7000,0.6400
279,0.5505,0.5656,0.7000,0.6400
280,0.5511,0.5664,0.7000,0.6600
281,0.5517,0.5673,0.7000,0.6600
282,0.5523,0.5681,0.7000,0.6600
283,0.5530,0.5690,0.7000,0.6600
284,0.5536,0.5698,0.7000,0.6600
285,0.5543,0.5707,0.7000,0.6800
286,0.5549,0.5715,0.6800,0.6800
287,0.5556,0.5724,0.6800,0.6800
288,0.5562,0.5732,0.6800,0.6800
289,0.5569,0.5741,0.6800,0.6800
290,0.5576,0.5750,0.7000,0.6800
291,0.5583,0.5758,0.7200,0.7000
292,0.5590,0.5767,0.7200,0.7000
293,0.5597,0.5775,0.7200,0.7000
294,0.5604,0.5784,0.7200,0.7000
295,0.5611,0.5792,0.7600,0.7000
296,0.5618,0.5801,0.7600,0.7000
297,0.5626,0.5809,0.7600,0.7000
298,0.5633,0.5818,0.7600,0.7000
299,0.5641,0.5826,0.7600,0.7000
300,0.5648,0.5835,0.7600,0.7000
301,0.5656,0.5843,0.7600,0.7000
302,0.5664,0.5852,0.7600,0.7000
303,0.5671,0.5860,0.7600,0.7000
304,0.5679,0.5868,0.7600,0.7000
305,0.5687,0.5877,0.7600,0.7000
306,0.5695,0.5885,0.7600,0.7000
307,0.5703,0.5893,0.7600,0.7000
308,0.5711,0.5901,0.7600,0.7000
309,0.5719,0.5910,0.7600,0.7000
310,0.5727,0.5918,0.7600,0.7000
311,0.5735,0.5926,0.7600,0.7000
312,0.5744,0.5934,0.7600,0.7000
313,0.5752,0.5942,0.7600,0.7000
314,0.5761,0.5950,0.7600,0.7000
315,0.5769,0.5958,0.7600,0.7000
316,0.5777,0.5965,0.7600,0.7200
317,0.5786,0.5973,0.7600,0.7200
318,0.5795,0.5981,0.7600,0.7200
319,0.5803,0.5988,0.7600,0.7200
320,0.5812,0.5996,0.7600,0.7200
321,0.5821,0.6003,0.7600,0.7200
322,0.5830,0.6010,0.7600,0.7200
323,0.5839,0.6017,0.7600,0.7200
324,0.5848,0.6024,0.7600,0.7200
325,0.5857,0.6031,0.7600,0.7200
326,0.5866,0.6038,0.7600,0.7200
327,0.5875,0.6044,0.7800,0.7200
328,0.5884,0.6051,0.7800,0.7200
329,0.5894,0.6057,0.7800,0.7200
330,0.5903,0.6063,0.7800,0.7200
331,0.5912,0.6070,0.7800,0.7200
332,0.5922,0.6076,0.7800,0.7200
333,0.5932,0.6081,0.7800,0.7200
334,0.5941,0.6087,0.7800,0.7200
335,0.5951,0.6093,0.7800,0.7200
336,0.5961,0.6098,0.7800,0.7200
337,0.5971,0.6103,0.7800,0.7200
338,0.5980,0.6108,0.7800,0.7200
339,0.5990,0.6113,0.7800,0.7200
340,0.6001,0.6118,0.7800,0.7200
341,0.6011,0.6122,0.7800,0.7000
342,0.6021,0.6127,0.7800,0.7000
343,0.6031,0.6131,0.7800,0.7000
344,0.6042,0.6135,0.7800,0.6800
345,0.6052,0.6139,0.7800,0.6600
346,0.6062,0.6143,0.7800,0.6600
347,0.6073,0.6147,0.7800,0.6600
348,0.6084,0.6150,0.7800,0.6600
349,0.6094,0.6153,0.7800,0.6600
350,0.6105,0.6156,0.7800,0.6600
351,0.6116,0.6159,0.7800,0.6600
352,0.6127,0.6162,0.8000,0.6600
353,0.6137,0.6164,0.8200,0.6600
354,0.6148,0.6167,0.8200,0.6600
355,0.6159,0.6169,0.8200,0.6600
356,0.6170,0.6171,0.8200,0.6600
357,0.6181,0.6173,0.8200,0.6600
358,0.6192,0.6174,0.8200,0.6400
359,0.6203,0.6176,0.8000,0.6400
360,0.6214,0.6177,0.8000,0.6400
361,0.6225,0.6178,0.8000,0.6400
362,0.6236,0.6179,0.8000,0.6400
363,0.6247,0.6180,0.8200,0.6400
364,0.6258,0.6181,0.8200,0.6400
365,0.6269,0.6181,0.8200,0.6400
366,0.6280,0.6182,0.8200,0.6400
367,0.6290,0.6182,0.8200,0.6400
368,0.6301,0.6182,0.8200,0.6400
369,0.6312,0.6182,0.8200,0.6400
370,0.6323,0.6182,0.8200,0.6400
371,0.6333,0.6182,0.8200,0.6400
372,0.6344,0.6181,0.8200,0.6400
373,0.6354,0.6181,0.8400,0.6400
374,0.6365,0.6180,0.8400,0.6400
375,0.6375,0.6179,0.8400,0.6400
376,0.6385,0.6178,0.8400,0.6400
377,0.6395,0.6178,0.8400,0.6400
378,0.6405,0.6177,0.8400,0.6400
379,0.6415,0.6175,0.8400,0.6400
380,0.6425,0.6174,0.8400,0.6400
381,0.6434,0.6173,0.8400,0.6400
382,0.6444,0.6172,0.8400,0.6400
383,0.6453,0.6170,0.8400,0.6400
384,0.6463,0.6169,0.8400,0.6400
385,0.6472,0.6167,0.8400,0.6400
386,0.6481,0.6165,0.8400,0.6400
387,0.6490,0.6164,0.8400,0.6400
388,0.6498,0.6162,0.8400,0.6400
389,0.6507,0.6160,0.8400,0.6400
390,0.6516,0.6159,0.8400,0.6400
391,0.6524,0.6157,0.8400,0.6400
392,0.6532,0.6155,0.8400,0.6400
393,0.6540,0.6153,0.8400,0.6400
394,0.6548,0.6151,0.8400,0.6400
395,0.6556,0.6149,0.8400,0.6400
396,0.6564,0.6148,0.8600,0.6400
397,0.6571,0.6146,0.8600,0.6400
398,0.6579,0.6144,0.8600,0.6400
399,0.6586,0.6142,0.8800,0.6400
400,0.6593,0.6140,0.8800,0.6600
401,0.6600,0.6138,0.8800,0.6600
402,0.6607,0.6136,0.8800,0.6600
403,0.6614,0.6134,0.8800,0.6600
404,0.6621,0.6133,0.8800,0.6600
405,0.6628,0.6131,0.8800,0.6600
406,0.6634,0.6129,0.8800,0.6600
407,0.6640,0.6127,0.8800,0.6600
408,0.6647,0.6125,0.8800,0.6600
409,0.6653,0.6124,0.8800,0.6600
410,0.6659,0.6122,0.8800,0.6600
411,0.6665,0.6120,0.8800,0.6600
412,0.6671,0.6118,0.8800,0.6600
413,0.6676,0.6117,0.8800,0.6600
414,0.6682,0.6115,0.8800,0.6600
415,0.6688,0.6114,0.8800,0.6600
416,0.6693,0.6112,0.8800,0.6600
417,0.6698,0.6110,0.8800,0.6600
418,0.6704,0.6109,0.8800,0.6600
419,0.6709,0.6107,0.8800,0.6600
420,0.6714,0.6106,0.8800,0.6600
421,0.6719,0.6104,0.8800,0.6600
422,0.6724,0.6103,0.8800,0.6600
423,0.6729,0.6101,0.8800,0.6600
424,0.6734,0.6100,0.8800,0.6600
425,0.6738,0.6099,0.8800,0.6600
426,0.6743,0.6097,0.8800,0.6600
427,0.6747,0.6096,0.8800,0.6600
428,0.6752,0.6095,0.8800,0.6600
429,0.6756,0.6093,0.8800,0.6600
430,0.6761,0.6092,0.8800,0.6600
431,0.6765,0.6091,0.8800,0.6600
432,0.6769,0.6090,0.8800,0.6600
433,0.6774,0.6089,0.8800,0.6600
434,0.6778,0.6088,0.8800,0.6600
435,0.6782,0.6086,0.8800,0.6600
436,0.6786,0.6085,0.8800,0.6600
437,0.6790,0.6084,0.8800,0.6600
438,0.6794,0.6083,0.8800,0.6600
439,0.6797,0.6082,0.8800,0.6600
440,0.6801,0.6081,0.8800,0.6600
441,0.6805,0.6081,0.8800,0.6600
442,0.6809,0.6080,0.8800,0.6600
443,0.6812,0.6079,0.8800,0.6600
444,0.6816,0.6078,0.8800,0.6600
445,0.6820,0.6077,0.8800,0.6600
446,0.6823,0.6076,0.8800,0.6600
447,0.6827,0.6076,0.8800,0.6600
448,0.6830,0.6075,0.8800,0.6600
449,0.6834,0.6074,0.8800,0.6600
450,0.6837,0.6073,0.8800,0.6600
451,0.6840,0.6073,0.8800,0.6600
452,0.6844,0.6072,0.8800,0.6600
453,0.6847,0.6072,0.8800,0.6600
454,0.6850,0.6071,0.8800,0.6600
455,0.6853,0.6071,0.8800,0.6600
456,0.6857,0.6070,0.8800,0.6600
457,0.6860,0.6070,0.8800,0.6600
458,0.6863,0.6069,0.8800,0.6600
459,0.6866,0.6069,0.8800,0.6600
460,0.6869,0.6069,0.8800,0.6600
461,0.6872,0.6068,0.8800,0.6600
462,0.6875,0.6068,0.8800,0.6600
463,0.6878,0.6068,0.8800,0.6600
464,0.6881,0.6067,0.8800,0.6600
465,0.6884,0.6067,0.8800,0.6600
466,0.6887,0.6067,0.8800,0.6600
467,0.6890,0.6067,0.8800,0.6600
468,0.6893,0.6067,0.8800,0.6600
469,0.6896,0.6067,0.8800,0.6600
470,0.6899,0.6067,0.8800,0.6600
471,0.6902,0.6067,0.8800,0.6600
472,0.6905,0.6067,0.8800,0.6600
473,0.6908,0.6068,0.8800,0.6600
474,0.6911,0.6068,0.8800,0.6600
475,0.6914,0.6068,0.8800,0.6600
476,0.6917,0.6068,0.8800,0.6600
477,0.6920,0.6069,0.8800,0.6600
478,0.6923,0.6069,0.8800,0.6600
479,0.6926,0.6070,0.8800,0.6600
480,0.6929,0.6070,0.8800,0.6600
481,0.6932,0.6071,0.8800,0.6600
482,0.6935,0.6072,0.8800,0.6600
483,0.6938,0.6072,0.8800,0.6600
484,0.6941,0.6073,0.8800,0.6600
485,0.6944,0.6074,0.8800,0.6600
486,0.6947,0.6075,0.8800,0.6600
487,0.6950,0.6076,0.8800,0.6600
488,0.6954,0.6077,0.8800,0.6600
489,0.6957,0.6078,0.8800,0.6600
490,0.6960,0.6080,0.8800,0.6600
491,0.6963,0.6081,0.9000,0.6600
492,0.6966,0.6082,0.9000,0.6600
493,0.6970,0.6084,0.9000,0.6600
494,0.6973,0.6085,0.9000,0.6600
495,0.6976,0.6087,0.9000,0.6600
496,0.6980,0.6089,0.9000,0.6600
497,0.6983,0.6090,0.9000,0.6600
498,0.6986,0.6092,0.9000,0.6600
499,0.6990,0.6094,0.9000,0.6600
500,0.6993,0.6096,0.9000,0.6600
501,0.6996,0.6098,0.9000,0.6600
502,0.7000,0.6100,0.9000,0.6600
503,0.7003,0.6102,0.9000,0.6600
504,0.7006,0.6104,0.9000,0.6600
505,0.7010,0.6106,0.9000,0.6600
506,0.7013,0.6108,0.9000,0.6600
507,0.7016,0.6110,0.9000,0.6600
508,0.7020,0.6113,0.9000,0.6600
509,0.7023,0.6115,0.9000,0.6600
510,0.7026,0.6117,0.9000,0.6600
511,0.7030,0.6119,0.9000,0.6600
512,0.7033,0.6121,0.9000,0.6600
513,0.7036,0.6123,0.9200,0.6600
514,0.7040,0.6125,0.9200,0.6600
515,0.7043,0.6128,0.9200,0.6800
516,0.7046,0.6130,0.9200,0.6800
517,0.7050,0.6132,0.9200,0.6800
518,0.7053,0.6134,0.9200,0.6800
519,0.7056,0.6136,0.9200,0.6800
520,0.7059,0.6138,0.9200,0.6800
521,0.7063,0.6140,0.9200,0.6800
522,0.7066,0.6143,0.9200,0.6800
523,0.7069,0.6145,0.9200,0.6800
524,0.7073,0.6147,0.9200,0.6800
525,0.7076,0.6149,0.9200,0.6800
526,0.7079,0.6151,0.9200,0.6800
527,0.7082,0.6153,0.9200,0.7000
528,0.7085,0.6155,0.9200,0.7000
529,0.7089,0.6157,0.9200,0.7000
530,0.7092,0.6159,0.9200,0.7000
531,0.7095,0.6161,0.9200,0.7000
532,0.7098,0.6163,0.9200,0.7000
533,0.7101,0.6164,0.9200,0.7000
534,0.7104,0.6166,0.9200,0.7000
535,0.7107,0.6168,0.9200,0.7000
536,0.7111,0.6170,0.9200,0.7000
537,0.7114,0.6172,0.9200,0.7000
538,0.7117,0.6174,0.9200,0.7000
539,0.7120,0.6175,0.9200,0.7000
540,0.7123,0.6177,0.9200,0.7000
541,0.7126,0.6179,0.9200,0.7000
542,0.7130,0.6181,0.9200,0.7000
543,0.7133,0.6182,0.9200,0.7000
544,0.7136,0.6184,0.9200,0.7000
545,0.7139,0.6186,0.9200,0.7000
546,0.7142,0.6188,0.9200,0.7000
547,0.7145,0.6189,0.9200,0.7000
548,0.7149,0.6191,0.9200,0.7000
549,0.7152,0.6193,0.9200,0.7000
550,0.7155,0.6195,0.9200,0.7000
551,0.7158,0.6196,0.9200,0.7000
552,0.7161,0.6198,0.9200,0.7000
553,0.7165,0.6200,0.9200,0.7000
554,0.7168,0.6202,0.9200,0.7000
555,0.7171,0.6204,0.9200,0.7000
556,0.7174,0.6206,0.9200,0.7000
557,0.7178,0.6207,0.9200,0.7000
558,0.7181,0.6209,0.9200,0.7000
559,0.7184,0.6211,0.9200,0.7000
560,0.7188,0.6213,0.9200,0.7000
561,0.7191,0.6215,0.9200,0.7000
562,0.7194,0.6217,0.9200,0.7000
563,0.7198,0.6219,0.9200,0.7000
564,0.7201,0.6221,0.9200,0.7000
565,0.7204,0.6224,0.9200,0.7000
566,0.7208,0.6226,0.9200,0.7000
567,0.7211,0.6228,0.9200,0.7000
568,0.7215,0.6230,0.9200,0.7000
569,0.7218,0.6232,0.9200,0.7000
570,0.7221,0.6235,0.9200,0.7000
571,0.7225,0.6237,0.9200,0.7000
572,0.7228,0.6240,0.9200,0.7000
573,0.7232,0.6242,0.9200,0.7000
574,0.7235,0.6244,0.9200,0.7000
575,0.7239,0.6247,0.9200,0.7000
576,0.7242,0.6250,0.9200,0.7000
577,0.7246,0.6252,0.9200,0.7000
578,0.7249,0.6255,0.9200,0.7000
579,0.7253,0.6258,0.9200,0.7000
580,0.7257,0.6260,0.9200,0.7000
581,0.7260,0.6263,0.9200,0.7000
582,0.7264,0.6266,0.9200,0.7000
583,0.7267,0.6269,0.9200,0.7000
584,0.7271,0.6272,0.9200,0.7000
585,0.7275,0.6275,0.9200,0.7000
586,0.7278,0.6278,0.9200,0.7000
587,0.7282,0.6281,0.9200,0.7000
588,0.7286,0.6284,0.9200,0.7000
589,0.7290,0.6288,0.9200,0.7000
590,0.7293,0.6291,0.9200,0.7000
591,0.7297,0.6294,0.9200,0.7000
592,0.7301,0.6298,0.9200,0.7000
593,0.7305,0.6301,0.9200,0.7000
594,0.7309,0.6305,0.9200,0.7000
595,0.7313,0.6308,0.9200,0.7000
596,0.7317,0.6312,0.9200,0.7000
597,0.7320,0.6316,0.9200,0.7000
598,0.7324,0.6319,0.9200,0.7000
599,0.7328,0.6323,0.9200,0.7000
600,0.7332,0.6327,0.9200,0.7000
601,0.7336,0.6331,0.9200,0.7000
602,0.7340,0.6335,0.9200,0.7000
603,0.7345,0.6339,0.9200,0.7000
604,0.7349,0.6343,0.9200,0.7000
605,0.7353,0.6347,0.9200,0.7000
606,0.7357,0.6351,0.9200,0.7000
607,0.7361,0.6356,0.9400,0.7000
608,0.7365,0.6360,0.9400,0.7000
609,0.7370,0.6364,0.9400,0.7000
610,0.7374,0.6369,0.9400,0.7000
611,0.7378,0.6373,0.9400,0.7000
612,0.7382,0.6378,0.9400,0.7000
613,0.7387,0.6382,0.9400,0.7000
614,0.7391,0.6387,0.9400,0.7000
615,0.7395,0.6392,0.9400,0.7000
616,0.7400,0.6397,0.9400,0.7000
617,0.7404,0.6402,0.9400,0.7000
618,0.7409,0.6407,0.9400,0.7000
619,0.7413,0.6412,0.9400,0.7000
620,0.7418,0.6417,0.9400,0.7000
621,0.7423,0.6422,0.9400,0.7000
622,0.7427,0.6428,0.9400,0.7000
623,0.7432,0.6433,0.9400,0.7000
624,0.7437,0.6439,0.9400,0.7000
625,0.7441,0.6444,0.9400,0.7000
626,0.7446,0.6450,0.9400,0.7000
627,0.7451,0.6456,0.9400,0.7000
628,0.7456,0.6462,0.9400,0.7000
629,0.7461,0.6468,0.9400,0.7000
630,0.7465,0.6474,0.9600,0.7000
631,0.7470,0.6480,0.9600,0.7000
632,0.7475,0.6486,0.9600,0.7200
633,0.7480,0.6492,0.9600,0.7200
634,0.7486,0.6499,0.9600,0.7200
635,0.7491,0.6506,0.9600,0.7200
636,0.7496,0.6512,0.9600,0.7200
637,0.7501,0.6519,0.9600,0.7200
638,0.7506,0.6526,0.9600,0.7200
639,0.7512,0.6533,0.9600,0.7200
640,0.7517,0.6540,0.9600,0.7200
641,0.7522,0.6547,0.9600,0.7200
642,0.7528,0.6554,0.9600,0.7200
643,0.7533,0.6561,0.9600,0.7200
644,0.7539,0.6569,0.9600,0.7200
645,0.7544,0.6576,0.9600,0.7200
646,0.7550,0.6584,0.9600,0.7200
647,0.7555,0.6592,0.9600,0.7200
648,0.7561,0.6599,0.9600,0.7200
649,0.7567,0.6607,0.9600,0.7200
650,0.7573,0.6615,0.9600,0.7200
651,0.7578,0.6623,0.9600,0.7200
652,0.7584,0.6632,0.9600,0.7200
653,0.7590,0.6640,0.9600,0.7200
654,0.7596,0.6648,0.9600,0.7200
655,0.7602,0.6657,0.9600,0.7200
656,0.7608,0.6665,0.9600,0.7200
657,0.7614,0.6674,0.9600,0.7200
658,0.7621,0.6683,0.9600,0.7200
659,0.7627,0.6691,0.9600,0.7400
660,0.7633,0.6700,0.9600,0.7400
661,0.7639,0.6709,0.9600,0.7400
662,0.7646,0.6718,0.9600,0.7600
663,0.7652,0.6728,0.9600,0.7800
664,0.7659,0.6737,0.9600,0.7800
665,0.7665,0.6746,0.9600,0.7800
666,0.7672,0.6756,0.9600,0.8000
667,0.7678,0.6765,0.9600,0.8000
668,0.7685,0.6775,0.9600,0.8000
669,0.7691,0.6785,0.9600,0.8000
670,0.7698,0.6795,0.9600,0.8000
671,0.7704,0.6805,0.9600,0.8000
672,0.7711,0.6815,0.9600,0.8000
673,0.7718,0.6825,0.9600,0.8000
674,0.7725,0.6835,0.9600,0.8000
675,0.7731,0.6845,0.9600,0.8200
676,0.7738,0.6855,0.9600,0.8200
677,0.7745,0.6865,0.9600,0.8200
678,0.7752,0.6876,0.9600,0.8200
679,0.7759,0.6886,0.9600,0.8200
680,0.7766,0.6897,0.9600,0.8200
681,0.7774,0.6907,0.9600,0.8200
682,0.7781,0.6918,0.9600,0.8200
683,0.7789,0.6928,0.9600,0.8200
684,0.7797,0.6939,0.9600,0.8200
685,0.7805,0.6950,0.9600,0.8200
686,0.7813,0.6960,0.9600,0.8200
687,0.7821,0.6971,0.9600,0.8200
688,0.7829,0.6981,0.9600,0.8400
689,0.7837,0.6991,0.9600,0.8400
690,0.7846,0.7001,0.9600,0.8400
691,0.7854,0.7011,0.9600,0.8400
692,0.7862,0.7021,0.9600,0.8400
693,0.7871,0.7031,0.9600,0.8400
694,0.7879,0.7040,0.9600,0.8400
695,0.7887,0.7049,0.9600,0.8400
696,0.7896,0.7058,0.9600,0.8400
697,0.7904,0.7067,0.9600,0.8400
698,0.7912,0.7076,0.9600,0.8400
699,0.7921,0.7085,0.9600,0.8400
700,0.7929,0.7093,0.9600,0.8400
701,0.7938,0.7101,0.9600,0.8400
702,0.7946,0.7110,0.9600,0.8400
703,0.7954,0.7118,0.9600,0.8400
704,0.7962,0.7126,0.9600,0.8400
705,0.7971,0.7133,0.9600,0.8400
706,0.7979,0.7141,0.9600,0.8400
707,0.7987,0.7149,0.9600,0.8600
708,0.7995,0.7157,0.9600,0.8600
709,0.8003,0.7164,0.9600,0.8600
710,0.8011,0.7172,0.9600,0.8600
711,0.8019,0.7179,0.9600,0.8600
712,0.8027,0.7186,0.9600,0.8600
713,0.8035,0.7194,0.9600,0.8600
714,0.8043,0.7201,0.9600,0.8600
715,0.8051,0.7208,0.9600,0.8600
716,0.8059,0.7215,0.9600,0.8600
717,0.8067,0.7222,0.9600,0.8600
718,0.8075,0.7230,0.9600,0.8600
719,0.8083,0.7237,0.9600,0.8600
720,0.8091,0.7244,0.9600,0.8600
721,0.8098,0.7250,0.9600,0.8600
722,0.8106,0.7257,0.9600,0.8600
723,0.8114,0.7264,0.9600,0.8600
724,0.8122,0.7271,0.9600,0.8600
725,0.8130,0.7277,0.9600,0.8600
726,0.8138,0.7284,0.9600,0.8600
727,0.8145,0.7291,0.9600,0.8600
728,0.8153,0.7297,0.9600,0.8600
729,0.8161,0.7304,0.9600,0.8600
730,0.8168,0.7310,0.9600,0.8600
731,0.8176,0.7316,0.9600,0.8600
732,0.8184,0.7323,0.9600,0.8600
733,0.8191,0.7329,0.9600,0.8600
734,0.8199,0.7335,0.9600,0.8600
735,0.8206,0.7341,0.9600,0.8600
736,0.8214,0.7348,0.9600,0.8600
737,0.8221,0.7354,0.9600,0.8600
738,0.8229,0.7360,0.9600,0.8600
739,0.8236,0.7366,0.9600,0.8600
740,0.8243,0.7372,0.9600,0.8600
741,0.8251,0.7378,0.9800,0.8600
742,0.8258,0.7384,0.9800,0.8600
743,0.8265,0.7390,0.9800,0.8600
744,0.8272,0.7395,0.9800,0.8600
745,0.8279,0.7401,0.9800,0.8600
746,0.8287,0.7407,0.9800,0.8600
747,0.8294,0.7413,0.9800,0.8600
748,0.8301,0.7418,0.9800,0.8600
749,0.8308,0.7424,0.9800,0.8600
750,0.8315,0.7430,0.9800,0.8600
751,0.8322,0.7435,0.9800,0.8600
752,0.8328,0.7441,1.0000,0.8600
753,0.8335,0.7447,1.0000,0.8600
754,0.8342,0.7452,1.0000,0.8600
755,0.8349,0.7458,1.0000,0.8600
756,0.8356,0.7463,1.0000,0.8600
757,0.8362,0.7469,1.0000,0.8800
758,0.8369,0.7474,1.0000,0.8800
759,0.8375,0.7480,1.0000,0.8800
760,0.8382,0.7485,1.0000,0.8800
761,0.8389,0.7491,1.0000,0.8800
762,0.8395,0.7496,1.0000,0.8800
763,0.8402,0.7501,1.0000,0.8800
764,0.8408,0.7507,1.0000,0.8800
765,0.8414,0.7512,1.0000,0.8800
766,0.8421,0.7518,1.0000,0.8800
767,0.8427,0.7523,1.0000,0.8800
768,0.8433,0.7529,1.0000,0.8800
769,0.8440,0.7534,1.0000,0.8800
770,0.8446,0.7539,1.0000,0.8800
771,0.8452,0.7545,1.0000,0.8800
772,0.8458,0.7550,1.0000,0.8800
773,0.8464,0.7556,1.0000,0.8800
774,0.8470,0.7561,1.0000,0.8800
775,0.8476,0.7566,1.0000,0.8800
776,0.8482,0.7572,1.0000,0.8800
777,0.8488,0.7577,1.0000,0.8800
778,0.8494,0.7582,1.0000,0.8800
779,0.8500,0.7588,1.0000,0.8800
780,0.8506,0.7593,1.0000,0.8800
781,0.8512,0.7598,1.0000,0.8800
782,0.8518,0.7603,1.0000,0.8800
783,0.8524,0.7608,1.0000,0.8800
784,0.8530,0.7613,1.0000,0.8800
785,0.8535,0.7619,1.0000,0.8800
786,0.8541,0.7624,1.0000,0.8800
787,0.8547,0.7629,1.0000,0.8800
788,0.8553,0.7634,1.0000,0.8800
789,0.8558,0.7639,1.0000,0.8800
790,0.8564,0.7644,1.0000,0.8600
791,0.8569,0.7648,1.0000,0.8600
792,0.8575,0.7653,1.0000,0.8600
793,0.8581,0.7658,1.0000,0.8600
794,0.8586,0.7663,1.0000,0.8600
795,0.8592,0.7667,1.0000,0.8600
796,0.8597,0.7672,1.0000,0.8600
797,0.8603,0.7677,1.0000,0.8600
798,0.8608,0.7681,1.0000,0.8600
799,0.8614,0.7686,1.0000,0.8600
800,0.8619,0.7690,1.0000,0.8600
801,0.8625,0.7695,1.0000,0.8600
802,0.8630,0.7699,1.0000,0.8600
803,0.8635,0.7704,1.0000,0.8600
804,0.8641,0.7708,1.0000,0.8600
805,0.8646,0.7712,1.0000,0.8600
806,0.8651,0.7717,1.0000,0.8600
807,0.8656,0.7721,1.0000,0.8600
808,0.8662,0.7726,1.0000,0.8600
809,0.8667,0.7730,1.0000,0.8600
810,0.8672,0.7735,1.0000,0.8600
811,0.8677,0.7739,1.0000,0.8600
812,0.8682,0.7743,1.0000,0.8600
813,0.8687,0.7748,1.0000,0.8600
814,0.8692,0.7753,1.0000,0.8600
815,0.8697,0.7757,1.0000,0.8600
816,0.8702,0.7762,1.0000,0.8800
817,0.8707,0.7766,1.0000,0.8800
818,0.8712,0.7771,1.0000,0.8800
819,0.8717,0.7775,1.0000,0.8800
820,0.8722,0.7780,1.0000,0.8800
821,0.8727,0.7784,1.0000,0.8800
822,0.8732,0.7788,1.0000,0.8800
823,0.8736,0.7793,1.0000,0.8800
824,0.8741,0.7797,1.0000,0.8800
825,0.8746,0.7801,1.0000,0.8800
826,0.8751,0.7806,1.0000,0.8800
827,0.8755,0.7810,1.0000,0.8800
828,0.8760,0.7814,1.0000,0.8800
829,0.8765,0.7818,1.0000,0.8800
830,0.8769,0.7822,1.0000,0.8800
831,0.8774,0.7826,1.0000,0.8800
832,0.8779,0.7830,1.0000,0.8800
833,0.8783,0.7834,1.0000,0.8800
834,0.8788,0.7838,1.0000,0.8800
835,0.8792,0.7841,1.0000,0.8800
836,0.8797,0.7845,1.0000,0.8800
837,0.8802,0.7849,1.0000,0.8800
838,0.8806,0.7852,1.0000,0.8800
839,0.8811,0.7856,1.0000,0.8800
840,0.8815,0.7859,1.0000,0.8800
841,0.8820,0.7863,1.0000,0.8800
842,0.8824,0.7866,1.0000,0.8800
843,0.8828,0.7870,1.0000,0.8800
844,0.8833,0.7873,1.0000,0.8800
845,0.8837,0.7876,1.0000,0.8800
846,0.8842,0.7880,1.0000,0.8800
847,0.8846,0.7883,1.0000,0.8800
848,0.8850,0.7886,1.0000,0.8800
849,0.8855,0.7889,1.0000,0.8800
850,0.8859,0.7893,1.0000,0.8800
851,0.8863,0.7896,1.0000,0.9000
852,0.8868,0.7899,1.0000,0.9000
853,0.8872,0.7902,1.0000,0.9000
854,0.8876,0.7905,1.0000,0.9000
855,0.8881,0.7908,1.0000,0.9000
856,0.8885,0.7911,1.0000,0.9000
857,0.8889,0.7914,1.0000,0.9000
858,0.8893,0.7917,1.0000,0.9000
859,0.8897,0.7920,1.0000,0.9000
860,0.8902,0.7923,1.0000,0.9000
861,0.8906,0.7926,1.0000,0.9000
862,0.8910,0.7929,1.0000,0.9200
863,0.8914,0.7932,1.0000,0.9200
864,0.8918,0.7934,1.0000,0.9200
865,0.8922,0.7937,1.0000,0.9200
866,0.8926,0.7940,1.0000,0.9200
867,0.8930,0.7943,1.0000,0.9200
868,0.8935,0.7945,1.0000,0.9200
869,0.8939,0.7948,1.0000,0.9200
870,0.8943,0.7951,1.0000,0.9200
871,0.8947,0.7953,1.0000,0.9200
872,0.8951,0.7956,1.0000,0.9200
873,0.8955,0.7959,1.0000,0.9200
874,0.8959,0.7961,1.0000,0.9200
875,0.8963,0.7964,1.0000,0.9200
876,0.8967,0.7966,1.0000,0.9200
877,0.8971,0.7969,1.0000,0.9200
878,0.8975,0.7971,1.0000,0.9200
879,0.8979,0.7973,1.0000,0.9200
880,0.8982,0.7976,1.0000,0.9200
881,0.8986,0.7978,1.0000,0.9200
882,0.8990,0.7980,1.0000,0.9200
883,0.8994,0.7983,1.0000,0.9200
884,0.8998,0.7985,1.0000,0.9200
885,0.9002,0.7987,1.0000,0.9200
886,0.9006,0.7990,1.0000,0.9200
887,0.9010,0.7992,1.0000,0.9200
888,0.9013,0.7994,1.0000,0.9200
889,0.9017,0.7996,1.0000,0.9200
890,0.9021,0.7998,1.0000,0.9200
891,0.9025,0.8000,1.0000,0.9200
892,0.9029,0.8003,1.0000,0.9200
893,0.9032,0.8005,1.0000,0.9200
894,0.9036,0.8007,1.0000,0.9200
895,0.9040,0.8009,1.0000,0.9200
896,0.9044,0.8011,1.0000,0.9200
897,0.9047,0.8013,1.0000,0.9200
898,0.9051,0.8015,1.0000,0.9200
899,0.9055,0.8017,1.0000,0.9200
900,0.9059,0.8019,1.0000,0.9200
901,0.9062,0.8021,1.0000,0.9200
902,0.9066,0.8022,1.0000,0.9200
903,0.9070,0.8025,1.0000,0.9200
904,0.9073,0.8026,1.0000,0.9200
905,0.9077,0.8028,1.0000,0.9200
906,0.9080,0.8029,1.0000,0.9200
907,0.9084,0.8032,1.0000,0.9200
908,0.9088,0.8033,1.0000,0.9200
909,0.9091,0.8036,1.0000,0.9200
910,0.9095,0.8035,1.0000,0.9200
911,0.9098,0.8042,1.0000,0.9400
912,0.9102,0.8035,1.0000,0.9200
913,0.9105,0.8048,1.0000,0.9400
914,0.9108,0.8037,1.0000,0.9200
915,0.9112,0.8050,1.0000,0.9400
916,0.9115,0.8046,1.0000,0.9200
917,0.9119,0.8046,1.0000,0.9200
918,0.9122,0.8055,1.0000,0.9400
919,0.9126,0.8048,1.0000,0.9200
920,0.9129,0.8056,1.0000,0.9400
921,0.9133,0.8057,1.0000,0.9400
922,0.9136,0.8054,1.0000,0.9200
923,0.9139,0.8063,1.0000,0.9400
924,0.9143,0.8060,1.0000,0.9400
925,0.9146,0.8061,1.0000,0.9400
926,0.9149,0.8067,1.0000,0.9400
927,0.9153,0.8063,1.0000,0.9400
928,0.9156,0.8068,1.0000,0.9400
929,0.9159,0.8070,1.0000,0.9400
930,0.9163,0.8067,1.0000,0.9400
931,0.9166,0.8073,1.0000,0.9400
932,0.9169,0.8073,1.0000,0.9400
933,0.9172,0.8073,1.0000,0.9400
934,0.9176,0.8078,1.0000,0.9400
935,0.9179,0.8076,1.0000,0.9400
936,0.9182,0.8079,1.0000,0.9400
937,0.9185,0.8081,1.0000,0.9400
938,0.9188,0.8080,1.0000,0.9400
939,0.9192,0.8084,1.0000,0.9400
940,0.9195,0.8084,1.0000,0.9400
941,0.9198,0.8085,1.0000,0.9400
942,0.9201,0.8088,1.0000,0.9400
943,0.9204,0.8087,1.0000,0.9400
944,0.9207,0.8090,1.0000,0.9400
945,0.9210,0.8092,1.0000,0.9400
946,0.9214,0.8091,1.0000,0.9400
947,0.9217,0.8094,1.0000,0.9400
948,0.9220,0.8095,1.0000,0.9400
949,0.9223,0.8096,1.0000,0.9400
950,0.9226,0.8099,1.0000,0.9400
951,0.9229,0.8099,1.0000,0.9400
952,0.9232,0.8101,1.0000,0.9400
953,0.9235,0.8102,1.0000,0.9400
954,0.9238,0.8103,1.0000,0.9400
955,0.9241,0.8105,1.0000,0.9400
956,0.9244,0.8106,1.0000,0.9400
957,0.9247,0.8107,1.0000,0.9400
958,0.9250,0.8109,1.0000,0.9400
959,0.9253,0.8109,1.0000,0.9400
960,0.9256,0.8111,1.0000,0.9400
961,0.9259,0.8112,1.0000,0.9400
962,0.9262,0.8113,1.0000,0.9400
963,0.9265,0.8115,1.0000,0.9400
964,0.9268,0.8115,1.0000,0.9400
965,0.9271,0.8117,1.0000,0.9400
966,0.9274,0.8118,1.0000,0.9400
967,0.9277,0.8119,1.0000,0.9400
968,0.9280,0.8121,1.0000,0.9400
969,0.9283,0.8122,1.0000,0.9400
970,0.9286,0.8123,1.0000,0.9400
971,0.9289,0.8124,1.0000,0.9400
972,0.9292,0.8125,1.0000,0.9400
973,0.9294,0.8127,1.0000,0.9400
974,0.9297,0.8127,1.0000,0.9400
975,0.9300,0.8129,1.0000,0.9400
976,0.9303,0.8130,1.0000,0.9400
977,0.9306,0.8131,1.0000,0.9400
978,0.9309,0.8132,1.0000,0.9400
979,0.9312,0.8133,1.0000,0.9400
980,0.9314,0.8135,1.0000,0.9400
981,0.9317,0.8136,1.0000,0.9400
982,0.9320,0.8137,1.0000,0.9400
983,0.9323,0.8138,1.0000,0.9400
984,0.9326,0.8139,1.0000,0.9400
985,0.9328,0.8140,1.0000,0.9400
986,0.9331,0.8141,1.0000,0.9400
987,0.9334,0.8142,1.0000,0.9400
988,0.9337,0.8143,1.0000,0.9400
989,0.9339,0.8144,1.0000,0.9400
990,0.9342,0.8146,1.0000,0.9400
991,0.9345,0.8146,1.0000,0.9400
992,0.9347,0.8148,1.0000,0.9400
993,0.9350,0.8149,1.0000,0.9400
994,0.9353,0.8150,1.0000,0.9400
995,0.9356,0.8151,1.0000,0.9400
996,0.9358,0.8152,1.0000,0.9400
997,0.9361,0.8153,1.0000,0.9400
998,0.9364,0.8154,1.0000,0.9400
999,0.9366,0.8155,1.0000,0.9400
