Epoch,train_sat_kb,test_sat_kb,train_accuracy,test_accuracy,test_sat_phi1,test_sat_phi2,test_sat_phi3
0,0.4185,0.4656,0.4938,0.5063,0.6289,0.5229,0.1638
1,0.4825,0.5027,0.4812,0.5250,0.5509,0.7214,0.2772
2,0.5084,0.5112,0.5141,0.5625,0.6011,0.8316,0.4377
3,0.5128,0.5116,0.5422,0.5750,0.6066,0.8769,0.4902
4,0.5144,0.5140,0.5344,0.5625,0.5490,0.8816,0.4391
5,0.5161,0.5143,0.5141,0.5312,0.4987,0.8640,0.3718
6,0.5166,0.5154,0.5000,0.5250,0.5110,0.8297,0.3478
7,0.5176,0.5159,0.5016,0.5312,0.5579,0.7918,0.3545
8,0.5176,0.5159,0.5031,0.5312,0.5696,0.7873,0.3614
9,0.5182,0.5166,0.5031,0.5312,0.5404,0.8151,0.3616
10,0.5188,0.5167,0.5078,0.5312,0.5237,0.8395,0.3709
11,0.5191,0.5171,0.5188,0.5437,0.5381,0.8472,0.3932
12,0.5196,0.5175,0.5250,0.5625,0.5567,0.8403,0.4043
13,0.5202,0.5180,0.5250,0.5437,0.5552,0.8245,0.3868
14,0.5208,0.5184,0.5109,0.5312,0.5427,0.8104,0.3606
15,0.5215,0.5189,0.5047,0.5312,0.5400,0.8041,0.3522
16,0.5224,0.5197,0.5063,0.5312,0.5482,0.8047,0.3621
17,0.5235,0.5206,0.5047,0.5312,0.5541,0.8081,0.3730
18,0.5249,0.5216,0.5047,0.5437,0.5684,0.8133,0.3945
19,0.5265,0.5230,0.5109,0.5312,0.5611,0.8087,0.3865
20,0.5289,0.5250,0.4984,0.5250,0.5591,0.7944,0.3754
21,0.5324,0.5282,0.5000,0.5250,0.5659,0.7713,0.3677
22,0.5381,0.5340,0.4938,0.5250,0.5536,0.7306,0.3322
23,0.5471,0.5452,0.4984,0.5250,0.5731,0.6798,0.3340
24,0.5628,0.5667,0.5328,0.5813,0.5919,0.6114,0.3601
25,0.5865,0.5962,0.5719,0.5688,0.5784,0.5635,0.4465
26,0.6105,0.6161,0.5625,0.5562,0.5365,0.5851,0.5927
27,0.6231,0.6277,0.5437,0.5000,0.5528,0.6602,0.7047
28,0.6312,0.6274,0.5031,0.5000,0.5997,0.7529,0.7853
29,0.6288,0.6253,0.5000,0.5000,0.5863,0.7864,0.8037
30,0.6279,0.6267,0.5000,0.5000,0.5595,0.7768,0.7998
31,0.6300,0.6298,0.5000,0.5063,0.5782,0.6989,0.8054
32,0.6320,0.6308,0.5297,0.5125,0.5437,0.6681,0.7852
33,0.6325,0.6320,0.5063,0.5063,0.5388,0.6777,0.7754
34,0.6345,0.6332,0.5141,0.5000,0.5591,0.7067,0.7764
35,0.6356,0.6335,0.5000,0.5000,0.5455,0.7421,0.7622
36,0.6368,0.6354,0.5000,0.5000,0.5563,0.7075,0.7590
37,0.6383,0.6364,0.5109,0.5063,0.5539,0.6869,0.7501
38,0.6394,0.6377,0.5078,0.5000,0.5542,0.7085,0.7413
39,0.6408,0.6385,0.5109,0.5000,0.5706,0.7117,0.7386
40,0.6418,0.6398,0.5109,0.5063,0.5568,0.6979,0.7209
41,0.6429,0.6412,0.5266,0.5188,0.5620,0.6778,0.7094
42,0.6442,0.6428,0.5437,0.5125,0.5733,0.6887,0.7024
43,0.6457,0.6444,0.5547,0.5312,0.5812,0.6908,0.6963
44,0.6474,0.6466,0.5797,0.5562,0.5874,0.6715,0.6964
45,0.6495,0.6484,0.5906,0.5562,0.5925,0.6826,0.7093
46,0.6514,0.6501,0.5922,0.5938,0.6011,0.6804,0.7160
47,0.6532,0.6523,0.6109,0.6125,0.6039,0.6665,0.7064
48,0.6550,0.6541,0.6328,0.6375,0.6077,0.6726,0.7008
49,0.6568,0.6563,0.6469,0.6438,0.6083,0.6615,0.7023
50,0.6587,0.6580,0.6422,0.6500,0.6110,0.6653,0.7143
51,0.6605,0.6602,0.6469,0.6500,0.6110,0.6589,0.7119
52,0.6624,0.6622,0.6562,0.6625,0.6146,0.6546,0.7077
53,0.6643,0.6642,0.6656,0.6750,0.6152,0.6530,0.7094
54,0.6662,0.6662,0.6687,0.6625,0.6198,0.6476,0.7148
55,0.6682,0.6684,0.6766,0.6875,0.6209,0.6460,0.7105
56,0.6703,0.6706,0.6828,0.6938,0.6254,0.6406,0.7089
57,0.6724,0.6728,0.6906,0.7000,0.6277,0.6374,0.7110
58,0.6745,0.6751,0.6953,0.7063,0.6315,0.6333,0.7103
59,0.6767,0.6777,0.7094,0.7188,0.6352,0.6269,0.7064
60,0.6790,0.6800,0.7125,0.7312,0.6385,0.6234,0.7064
61,0.6812,0.6825,0.7281,0.7437,0.6421,0.6169,0.7043
62,0.6835,0.6849,0.7344,0.7500,0.6457,0.6136,0.7017
63,0.6859,0.6874,0.7437,0.7625,0.6491,0.6079,0.7005
64,0.6883,0.6899,0.7516,0.7625,0.6530,0.6037,0.6974
65,0.6907,0.6926,0.7609,0.7750,0.6567,0.5969,0.6935
66,0.6933,0.6952,0.7672,0.7875,0.6597,0.5918,0.6909
67,0.6958,0.6981,0.7797,0.7937,0.6617,0.5860,0.6866
68,0.6984,0.7008,0.7859,0.8062,0.6644,0.5804,0.6837
69,0.7011,0.7038,0.7969,0.8125,0.6677,0.5736,0.6785
70,0.7038,0.7066,0.8078,0.8313,0.6715,0.5668,0.6744
71,0.7065,0.7096,0.8141,0.8438,0.6739,0.5609,0.6699
72,0.7093,0.7126,0.8250,0.8438,0.6765,0.5549,0.6658
73,0.7121,0.7156,0.8297,0.8562,0.6794,0.5488,0.6612
74,0.7149,0.7186,0.8344,0.8750,0.6823,0.5425,0.6563
75,0.7177,0.7216,0.8422,0.8750,0.6850,0.5368,0.6518
76,0.7206,0.7246,0.8547,0.8750,0.6872,0.5309,0.6470
77,0.7234,0.7277,0.8625,0.8750,0.6901,0.5251,0.6424
78,0.7263,0.7307,0.8719,0.8750,0.6928,0.5190,0.6375
79,0.7292,0.7337,0.8781,0.8813,0.6954,0.5134,0.6328
80,0.7321,0.7368,0.8813,0.8938,0.6980,0.5075,0.6282
81,0.7350,0.7398,0.8859,0.9000,0.7007,0.5018,0.6234
82,0.7378,0.7428,0.8922,0.9000,0.7035,0.4960,0.6187
83,0.7407,0.7458,0.8938,0.9062,0.7062,0.4902,0.6139
84,0.7436,0.7488,0.9016,0.9062,0.7088,0.4846,0.6091
85,0.7464,0.7518,0.9031,0.9187,0.7115,0.4788,0.6043
86,0.7492,0.7547,0.9078,0.9312,0.7142,0.4731,0.5995
87,0.7520,0.7576,0.9125,0.9375,0.7169,0.4674,0.5946
88,0.7548,0.7605,0.9156,0.9375,0.7196,0.4617,0.5898
89,0.7576,0.7634,0.9187,0.9375,0.7222,0.4561,0.5851
90,0.7604,0.7663,0.9219,0.9375,0.7249,0.4505,0.5802
91,0.7631,0.7691,0.9281,0.9375,0.7276,0.4450,0.5755
92,0.7658,0.7719,0.9297,0.9563,0.7302,0.4396,0.5708
93,0.7685,0.7746,0.9328,0.9563,0.7328,0.4343,0.5661
94,0.7711,0.7774,0.9344,0.9563,0.7354,0.4291,0.5614
95,0.7738,0.7801,0.9344,0.9563,0.7380,0.4240,0.5568
96,0.7763,0.7828,0.9359,0.9563,0.7405,0.4188,0.5521
97,0.7789,0.7854,0.9359,0.9563,0.7431,0.4138,0.5475
98,0.7815,0.7880,0.9375,0.9563,0.7457,0.4088,0.5428
99,0.7840,0.7906,0.9375,0.9563,0.7482,0.4040,0.5383
100,0.7864,0.7932,0.9375,0.9563,0.7507,0.3992,0.5337
101,0.7889,0.7957,0.9391,0.9625,0.7531,0.3946,0.5294
102,0.7913,0.7982,0.9391,0.9625,0.7555,0.3900,0.5249
103,0.7937,0.8006,0.9422,0.9563,0.7578,0.3856,0.5206
104,0.7960,0.8030,0.9406,0.9563,0.7601,0.3813,0.5164
105,0.7984,0.8054,0.9453,0.9563,0.7623,0.3770,0.5122
106,0.8006,0.8077,0.9453,0.9563,0.7643,0.3729,0.5080
107,0.8029,0.8101,0.9453,0.9563,0.7663,0.3689,0.5040
108,0.8051,0.8123,0.9469,0.9563,0.7683,0.3649,0.4999
109,0.8073,0.8146,0.9469,0.9563,0.7702,0.3610,0.4959
110,0.8094,0.8168,0.9500,0.9563,0.7720,0.3571,0.4919
111,0.8115,0.8190,0.9516,0.9563,0.7738,0.3533,0.4880
112,0.8136,0.8211,0.9531,0.9563,0.7756,0.3495,0.4840
113,0.8156,0.8232,0.9531,0.9563,0.7772,0.3459,0.4801
114,0.8176,0.8253,0.9547,0.9563,0.7788,0.3423,0.4763
115,0.8196,0.8274,0.9547,0.9563,0.7804,0.3387,0.4725
116,0.8216,0.8294,0.9563,0.9563,0.7818,0.3354,0.4687
117,0.8235,0.8314,0.9563,0.9563,0.7832,0.3320,0.4648
118,0.8254,0.8334,0.9563,0.9563,0.7845,0.3289,0.4609
119,0.8273,0.8354,0.9578,0.9625,0.7857,0.3258,0.4567
120,0.8291,0.8373,0.9578,0.9625,0.7870,0.3227,0.4525
121,0.8309,0.8392,0.9578,0.9688,0.7882,0.3195,0.4484
122,0.8326,0.8411,0.9594,0.9688,0.7897,0.3163,0.4445
123,0.8344,0.8430,0.9625,0.9688,0.7914,0.3130,0.4409
124,0.8360,0.8448,0.9625,0.9750,0.7930,0.3097,0.4374
125,0.8377,0.8466,0.9625,0.9750,0.7947,0.3064,0.4341
126,0.8392,0.8483,0.9625,0.9750,0.7966,0.3032,0.4310
127,0.8408,0.8500,0.9625,0.9812,0.7984,0.3000,0.4283
128,0.8423,0.8516,0.9625,0.9812,0.8002,0.2969,0.4257
129,0.8438,0.8532,0.9641,0.9812,0.8018,0.2939,0.4232
130,0.8452,0.8548,0.9641,0.9812,0.8034,0.2909,0.4208
131,0.8466,0.8562,0.9656,0.9812,0.8049,0.2880,0.4184
132,0.8479,0.8577,0.9656,0.9812,0.8064,0.2851,0.4161
133,0.8492,0.8591,0.9656,0.9812,0.8078,0.2824,0.4138
134,0.8505,0.8605,0.9672,0.9812,0.8092,0.2797,0.4115
135,0.8517,0.8618,0.9672,0.9812,0.8105,0.2770,0.4093
136,0.8529,0.8631,0.9672,0.9812,0.8118,0.2744,0.4071
137,0.8540,0.8644,0.9672,0.9812,0.8130,0.2718,0.4049
138,0.8552,0.8656,0.9672,0.9812,0.8142,0.2692,0.4028
139,0.8562,0.8668,0.9672,0.9812,0.8154,0.2666,0.4007
140,0.8573,0.8680,0.9672,0.9812,0.8166,0.2639,0.3986
141,0.8583,0.8692,0.9672,0.9812,0.8179,0.2610,0.3965
142,0.8593,0.8704,0.9672,0.9812,0.8193,0.2578,0.3943
143,0.8603,0.8717,0.9672,0.9812,0.8208,0.2544,0.3923
144,0.8613,0.8729,0.9688,0.9812,0.8222,0.2510,0.3904
145,0.8622,0.8741,0.9688,0.9812,0.8232,0.2478,0.3885
146,0.8631,0.8753,0.9688,0.9812,0.8239,0.2449,0.3867
147,0.8640,0.8764,0.9688,0.9812,0.8245,0.2419,0.3849
148,0.8649,0.8776,0.9703,0.9812,0.8252,0.2388,0.3831
149,0.8657,0.8788,0.9703,0.9812,0.8261,0.2354,0.3815
150,0.8666,0.8801,0.9703,0.9812,0.8270,0.2317,0.3799
151,0.8675,0.8815,0.9703,0.9812,0.8278,0.2275,0.3784
152,0.8686,0.8830,0.9703,0.9812,0.8288,0.2214,0.3769
153,0.8696,0.8847,0.9734,0.9812,0.8303,0.2158,0.3750
154,0.8708,0.8861,0.9734,0.9812,0.8322,0.2129,0.3732
155,0.8718,0.8868,0.9703,0.9812,0.8327,0.2097,0.3716
156,0.8726,0.8876,0.9719,0.9812,0.8316,0.2104,0.3699
157,0.8735,0.8883,0.9719,0.9812,0.8287,0.2098,0.3674
158,0.8742,0.8888,0.9719,0.9812,0.8265,0.2090,0.3656
159,0.8749,0.8896,0.9719,0.9812,0.8260,0.2094,0.3638
160,0.8756,0.8900,0.9719,0.9812,0.8262,0.2079,0.3625
161,0.8762,0.8907,0.9719,0.9812,0.8267,0.2078,0.3610
162,0.8769,0.8912,0.9719,0.9812,0.8270,0.2066,0.3596
163,0.8775,0.8917,0.9750,0.9812,0.8276,0.2060,0.3584
164,0.8781,0.8923,0.9734,0.9812,0.8284,0.2052,0.3573
165,0.8787,0.8928,0.9734,0.9812,0.8288,0.2044,0.3564
166,0.8792,0.8933,0.9734,0.9812,0.8287,0.2039,0.3553
167,0.8798,0.8938,0.9734,0.9812,0.8282,0.2030,0.3542
168,0.8803,0.8943,0.9734,0.9812,0.8280,0.2027,0.3532
169,0.8808,0.8948,0.9734,0.9812,0.8278,0.2018,0.3522
170,0.8813,0.8952,0.9734,0.9812,0.8278,0.2014,0.3512
171,0.8818,0.8956,0.9734,0.9812,0.8277,0.2006,0.3502
172,0.8823,0.8961,0.9734,0.9812,0.8278,0.2001,0.3491
173,0.8827,0.8965,0.9734,0.9812,0.8280,0.1993,0.3482
174,0.8832,0.8969,0.9734,0.9812,0.8283,0.1988,0.3472
175,0.8836,0.8972,0.9734,0.9812,0.8285,0.1981,0.3463
176,0.8841,0.8976,0.9734,0.9812,0.8287,0.1976,0.3454
177,0.8845,0.8980,0.9750,0.9812,0.8288,0.1970,0.3445
178,0.8849,0.8983,0.9766,0.9812,0.8288,0.1964,0.3436
179,0.8853,0.8987,0.9781,0.9812,0.8289,0.1958,0.3427
180,0.8857,0.8990,0.9781,0.9812,0.8290,0.1953,0.3419
181,0.8861,0.8993,0.9781,0.9812,0.8291,0.1948,0.3411
182,0.8864,0.8996,0.9781,0.9812,0.8292,0.1942,0.3402
183,0.8868,0.9000,0.9781,0.9812,0.8293,0.1937,0.3394
184,0.8872,0.9003,0.9781,0.9812,0.8294,0.1932,0.3387
185,0.8875,0.9006,0.9781,0.9812,0.8296,0.1927,0.3379
186,0.8879,0.9008,0.9797,0.9812,0.8298,0.1921,0.3371
187,0.8882,0.9011,0.9797,0.9812,0.8299,0.1916,0.3364
188,0.8885,0.9014,0.9797,0.9812,0.8300,0.1912,0.3357
189,0.8889,0.9017,0.9797,0.9812,0.8302,0.1907,0.3349
190,0.8892,0.9019,0.9797,0.9812,0.8303,0.1902,0.3342
191,0.8895,0.9022,0.9797,0.9812,0.8305,0.1897,0.3335
192,0.8898,0.9024,0.9812,0.9812,0.8306,0.1892,0.3329
193,0.8901,0.9027,0.9812,0.9812,0.8308,0.1888,0.3322
194,0.8904,0.9029,0.9812,0.9812,0.8309,0.1883,0.3316
195,0.8907,0.9031,0.9812,0.9812,0.8310,0.1879,0.3309
196,0.8910,0.9033,0.9812,0.9812,0.8312,0.1874,0.3303
197,0.8913,0.9035,0.9812,0.9812,0.8313,0.1870,0.3297
198,0.8916,0.9037,0.9812,0.9812,0.8315,0.1866,0.3291
199,0.8919,0.9039,0.9812,0.9812,0.8316,0.1861,0.3285
200,0.8922,0.9041,0.9812,0.9812,0.8318,0.1857,0.3279
201,0.8924,0.9043,0.9812,0.9812,0.8320,0.1853,0.3273
202,0.8927,0.9044,0.9812,0.9812,0.8321,0.1849,0.3268
203,0.8930,0.9046,0.9812,0.9812,0.8323,0.1845,0.3262
204,0.8933,0.9048,0.9812,0.9812,0.8325,0.1841,0.3256
205,0.8935,0.9050,0.9812,0.9812,0.8327,0.1837,0.3251
206,0.8938,0.9052,0.9812,0.9812,0.8328,0.1833,0.3246
207,0.8940,0.9053,0.9812,0.9812,0.8330,0.1829,0.3240
208,0.8943,0.9055,0.9812,0.9812,0.8332,0.1825,0.3235
209,0.8945,0.9056,0.9812,0.9812,0.8334,0.1822,0.3230
210,0.8948,0.9058,0.9812,0.9812,0.8336,0.1818,0.3225
211,0.8950,0.9060,0.9812,0.9812,0.8338,0.1815,0.3220
212,0.8953,0.9061,0.9828,0.9812,0.8339,0.1811,0.3215
213,0.8955,0.9062,0.9828,0.9812,0.8341,0.1808,0.3210
214,0.8957,0.9064,0.9828,0.9812,0.8342,0.1804,0.3205
215,0.8960,0.9065,0.9828,0.9812,0.8344,0.1801,0.3201
216,0.8962,0.9066,0.9828,0.9812,0.8346,0.1798,0.3196
217,0.8964,0.9068,0.9828,0.9812,0.8347,0.1794,0.3191
218,0.8966,0.9069,0.9828,0.9812,0.8349,0.1791,0.3187
219,0.8969,0.9070,0.9828,0.9812,0.8350,0.1788,0.3182
220,0.8971,0.9071,0.9828,0.9812,0.8352,0.1785,0.3178
221,0.8973,0.9073,0.9828,0.9812,0.8354,0.1782,0.3174
222,0.8975,0.9074,0.9828,0.9812,0.8355,0.1779,0.3169
223,0.8977,0.9075,0.9828,0.9812,0.8357,0.1775,0.3165
224,0.8979,0.9076,0.9828,0.9812,0.8359,0.1772,0.3161
225,0.8981,0.9077,0.9828,0.9812,0.8361,0.1769,0.3157
226,0.8983,0.9078,0.9828,0.9812,0.8362,0.1766,0.3153
227,0.8986,0.9079,0.9828,0.9812,0.8364,0.1764,0.3149
228,0.8988,0.9080,0.9828,0.9812,0.8366,0.1761,0.3145
229,0.8990,0.9081,0.9828,0.9812,0.8368,0.1758,0.3141
230,0.8992,0.9082,0.9828,0.9812,0.8369,0.1755,0.3138
231,0.8994,0.9083,0.9828,0.9812,0.8371,0.1752,0.3134
232,0.8996,0.9084,0.9828,0.9812,0.8373,0.1749,0.3130
233,0.8997,0.9085,0.9828,0.9812,0.8375,0.1747,0.3127
234,0.8999,0.9086,0.9828,0.9812,0.8377,0.1744,0.3123
235,0.9001,0.9087,0.9828,0.9812,0.8379,0.1741,0.3120
236,0.9003,0.9088,0.9828,0.9812,0.8381,0.1738,0.3117
237,0.9005,0.9089,0.9828,0.9812,0.8382,0.1736,0.3113
238,0.9007,0.9090,0.9828,0.9812,0.8384,0.1733,0.3110
239,0.9009,0.9090,0.9828,0.9812,0.8386,0.1730,0.3107
240,0.9011,0.9091,0.9828,0.9812,0.8388,0.1728,0.3104
241,0.9012,0.9092,0.9828,0.9812,0.8390,0.1725,0.3101
242,0.9014,0.9093,0.9828,0.9812,0.8391,0.1723,0.3097
243,0.9016,0.9094,0.9828,0.9812,0.8393,0.1720,0.3094
244,0.9018,0.9095,0.9828,0.9812,0.8395,0.1718,0.3091
245,0.9020,0.9096,0.9828,0.9812,0.8396,0.1715,0.3088
246,0.9021,0.9096,0.9828,0.9812,0.8398,0.1713,0.3085
247,0.9023,0.9097,0.9828,0.9812,0.8399,0.1710,0.3082
248,0.9025,0.9098,0.9828,0.9812,0.8401,0.1708,0.3078
249,0.9026,0.9099,0.9828,0.9812,0.8402,0.1706,0.3075
250,0.9028,0.9099,0.9828,0.9812,0.8404,0.1703,0.3072
251,0.9030,0.9100,0.9828,0.9812,0.8405,0.1701,0.3069
252,0.9031,0.9101,0.9828,0.9812,0.8406,0.1699,0.3066
253,0.9033,0.9101,0.9828,0.9812,0.8408,0.1697,0.3063
254,0.9035,0.9102,0.9828,0.9812,0.8409,0.1695,0.3060
255,0.9036,0.9102,0.9828,0.9812,0.8411,0.1693,0.3057
256,0.9038,0.9103,0.9828,0.9812,0.8412,0.1690,0.3054
257,0.9039,0.9104,0.9828,0.9812,0.8414,0.1688,0.3051
258,0.9041,0.9104,0.9828,0.9812,0.8415,0.1686,0.3049
259,0.9043,0.9105,0.9828,0.9812,0.8416,0.1684,0.3046
260,0.9044,0.9105,0.9828,0.9812,0.8418,0.1682,0.3043
261,0.9046,0.9106,0.9828,0.9812,0.8419,0.1680,0.3040
262,0.9047,0.9106,0.9828,0.9812,0.8420,0.1678,0.3038
263,0.9049,0.9107,0.9828,0.9812,0.8421,0.1676,0.3035
264,0.9050,0.9108,0.9828,0.9812,0.8423,0.1674,0.3032
265,0.9052,0.9108,0.9828,0.9812,0.8424,0.1672,0.3029
266,0.9053,0.9109,0.9828,0.9812,0.8425,0.1671,0.3027
267,0.9055,0.9109,0.9844,0.9812,0.8426,0.1669,0.3024
268,0.9056,0.9110,0.9859,0.9812,0.8427,0.1667,0.3021
269,0.9058,0.9110,0.9859,0.9812,0.8429,0.1665,0.3019
270,0.9059,0.9111,0.9859,0.9812,0.8430,0.1663,0.3016
271,0.9061,0.9111,0.9859,0.9812,0.8431,0.1661,0.3013
272,0.9062,0.9112,0.9859,0.9812,0.8433,0.1659,0.3011
273,0.9064,0.9112,0.9859,0.9812,0.8434,0.1657,0.3008
274,0.9065,0.9113,0.9859,0.9812,0.8436,0.1656,0.3006
275,0.9066,0.9113,0.9859,0.9812,0.8437,0.1654,0.3003
276,0.9068,0.9114,0.9859,0.9812,0.8438,0.1652,0.3001
277,0.9069,0.9114,0.9859,0.9812,0.8440,0.1650,0.2998
278,0.9071,0.9115,0.9859,0.9812,0.8441,0.1649,0.2996
279,0.9072,0.9115,0.9859,0.9812,0.8442,0.1647,0.2994
280,0.9073,0.9116,0.9859,0.9812,0.8443,0.1645,0.2991
281,0.9075,0.9116,0.9859,0.9812,0.8445,0.1643,0.2989
282,0.9076,0.9116,0.9859,0.9812,0.8446,0.1642,0.2987
283,0.9077,0.9117,0.9859,0.9812,0.8447,0.1640,0.2984
284,0.9079,0.9117,0.9859,0.9812,0.8448,0.1638,0.2982
285,0.9080,0.9118,0.9859,0.9812,0.8449,0.1637,0.2980
286,0.9081,0.9118,0.9859,0.9812,0.8450,0.1635,0.2977
287,0.9083,0.9119,0.9859,0.9812,0.8451,0.1633,0.2975
288,0.9084,0.9119,0.9859,0.9812,0.8453,0.1632,0.2973
289,0.9085,0.9119,0.9859,0.9812,0.8454,0.1630,0.2971
290,0.9087,0.9120,0.9859,0.9812,0.8455,0.1629,0.2969
291,0.9088,0.9120,0.9859,0.9812,0.8456,0.1627,0.2966
292,0.9089,0.9120,0.9859,0.9812,0.8457,0.1626,0.2964
293,0.9090,0.9121,0.9859,0.9812,0.8458,0.1624,0.2962
294,0.9092,0.9121,0.9859,0.9812,0.8459,0.1622,0.2960
295,0.9093,0.9122,0.9859,0.9812,0.8460,0.1621,0.2958
296,0.9094,0.9122,0.9859,0.9812,0.8461,0.1619,0.2956
297,0.9095,0.9122,0.9859,0.9812,0.8462,0.1618,0.2954
298,0.9097,0.9123,0.9859,0.9812,0.8463,0.1616,0.2952
299,0.9098,0.9123,0.9859,0.9812,0.8464,0.1615,0.2950
300,0.9099,0.9124,0.9859,0.9812,0.8465,0.1613,0.2948
301,0.9100,0.9124,0.9859,0.9812,0.8465,0.1612,0.2946
302,0.9101,0.9124,0.9859,0.9812,0.8466,0.1610,0.2944
303,0.9103,0.9125,0.9859,0.9812,0.8467,0.1609,0.2942
304,0.9104,0.9125,0.9859,0.9812,0.8468,0.1607,0.2940
305,0.9105,0.9126,0.9859,0.9812,0.8469,0.1606,0.2938
306,0.9106,0.9126,0.9859,0.9812,0.8470,0.1604,0.2936
307,0.9107,0.9127,0.9859,0.9812,0.8470,0.1603,0.2934
308,0.9108,0.9127,0.9859,0.9812,0.8471,0.1601,0.2932
309,0.9110,0.9127,0.9859,0.9812,0.8472,0.1600,0.2930
310,0.9111,0.9128,0.9859,0.9812,0.8473,0.1598,0.2928
311,0.9112,0.9128,0.9859,0.9812,0.8473,0.1597,0.2927
312,0.9113,0.9128,0.9859,0.9812,0.8474,0.1596,0.2925
313,0.9114,0.9129,0.9859,0.9812,0.8475,0.1594,0.2923
314,0.9115,0.9129,0.9859,0.9812,0.8475,0.1593,0.2921
315,0.9116,0.9130,0.9859,0.9750,0.8476,0.1591,0.2919
316,0.9117,0.9130,0.9859,0.9750,0.8476,0.1590,0.2917
317,0.9119,0.9131,0.9859,0.9750,0.8477,0.1589,0.2916
318,0.9120,0.9131,0.9859,0.9750,0.8477,0.1587,0.2914
319,0.9121,0.9131,0.9859,0.9750,0.8478,0.1586,0.2912
320,0.9122,0.9132,0.9859,0.9750,0.8478,0.1584,0.2910
321,0.9123,0.9132,0.9859,0.9750,0.8479,0.1583,0.2908
322,0.9124,0.9132,0.9859,0.9750,0.8479,0.1582,0.2907
323,0.9125,0.9133,0.9859,0.9750,0.8480,0.1580,0.2905
324,0.9126,0.9133,0.9859,0.9750,0.8480,0.1579,0.2903
325,0.9127,0.9133,0.9859,0.9750,0.8481,0.1578,0.2902
326,0.9128,0.9134,0.9859,0.9750,0.8481,0.1576,0.2900
327,0.9129,0.9134,0.9859,0.9750,0.8481,0.1575,0.2898
328,0.9130,0.9135,0.9859,0.9750,0.8482,0.1574,0.2896
329,0.9131,0.9135,0.9859,0.9750,0.8482,0.1573,0.2895
330,0.9132,0.9135,0.9859,0.9750,0.8483,0.1571,0.2893
331,0.9133,0.9135,0.9859,0.9750,0.8483,0.1570,0.2891
332,0.9134,0.9136,0.9859,0.9750,0.8483,0.1569,0.2890
333,0.9135,0.9136,0.9859,0.9750,0.8484,0.1568,0.2888
334,0.9136,0.9136,0.9859,0.9750,0.8484,0.1566,0.2887
335,0.9137,0.9137,0.9859,0.9750,0.8484,0.1565,0.2885
336,0.9138,0.9137,0.9859,0.9750,0.8485,0.1564,0.2883
337,0.9139,0.9137,0.9859,0.9750,0.8485,0.1563,0.2882
338,0.9140,0.9138,0.9859,0.9750,0.8485,0.1561,0.2880
339,0.9141,0.9138,0.9859,0.9750,0.8486,0.1560,0.2879
340,0.9142,0.9138,0.9859,0.9750,0.8486,0.1559,0.2877
341,0.9143,0.9139,0.9859,0.9750,0.8486,0.1558,0.2875
342,0.9144,0.9139,0.9859,0.9750,0.8487,0.1557,0.2874
343,0.9145,0.9139,0.9859,0.9750,0.8487,0.1555,0.2872
344,0.9146,0.9139,0.9859,0.9750,0.8487,0.1554,0.2871
345,0.9147,0.9140,0.9859,0.9750,0.8488,0.1553,0.2869
346,0.9148,0.9140,0.9875,0.9750,0.8488,0.1552,0.2868
347,0.9149,0.9140,0.9875,0.9750,0.8488,0.1551,0.2866
348,0.9150,0.9141,0.9875,0.9750,0.8489,0.1550,0.2865
349,0.9151,0.9141,0.9875,0.9750,0.8489,0.1549,0.2863
350,0.9152,0.9141,0.9875,0.9750,0.8490,0.1547,0.2862
351,0.9153,0.9141,0.9875,0.9750,0.8490,0.1546,0.2860
352,0.9154,0.9142,0.9875,0.9750,0.8490,0.1545,0.2859
353,0.9155,0.9142,0.9875,0.9750,0.8491,0.1544,0.2857
354,0.9156,0.9142,0.9875,0.9750,0.8491,0.1543,0.2856
355,0.9157,0.9142,0.9875,0.9750,0.8491,0.1542,0.2854
356,0.9157,0.9143,0.9875,0.9750,0.8492,0.1541,0.2853
357,0.9158,0.9143,0.9875,0.9750,0.8492,0.1540,0.2852
358,0.9159,0.9143,0.9875,0.9750,0.8493,0.1539,0.2850
359,0.9160,0.9143,0.9875,0.9750,0.8493,0.1538,0.2849
360,0.9161,0.9144,0.9875,0.9750,0.8493,0.1537,0.2847
361,0.9162,0.9144,0.9859,0.9750,0.8494,0.1536,0.2846
362,0.9163,0.9144,0.9859,0.9750,0.8494,0.1534,0.2845
363,0.9164,0.9144,0.9859,0.9750,0.8494,0.1533,0.2843
364,0.9165,0.9145,0.9859,0.9750,0.8495,0.1532,0.2842
365,0.9165,0.9145,0.9859,0.9750,0.8495,0.1531,0.2840
366,0.9166,0.9145,0.9875,0.9750,0.8495,0.1530,0.2839
367,0.9167,0.9145,0.9875,0.9750,0.8496,0.1529,0.2838
368,0.9168,0.9146,0.9875,0.9750,0.8496,0.1528,0.2836
369,0.9169,0.9146,0.9875,0.9750,0.8496,0.1527,0.2835
370,0.9170,0.9146,0.9875,0.9750,0.8497,0.1526,0.2834
371,0.9171,0.9146,0.9875,0.9750,0.8497,0.1525,0.2832
372,0.9172,0.9146,0.9875,0.9750,0.8497,0.1524,0.2831
373,0.9172,0.9147,0.9875,0.9750,0.8498,0.1524,0.2830
374,0.9173,0.9147,0.9875,0.9750,0.8498,0.1523,0.2829
375,0.9174,0.9147,0.9875,0.9750,0.8498,0.1522,0.2827
376,0.9175,0.9147,0.9875,0.9750,0.8499,0.1521,0.2826
377,0.9176,0.9148,0.9875,0.9750,0.8499,0.1520,0.2825
378,0.9177,0.9148,0.9875,0.9750,0.8499,0.1519,0.2823
379,0.9178,0.9148,0.9875,0.9750,0.8500,0.1518,0.2822
380,0.9178,0.9148,0.9875,0.9750,0.8500,0.1517,0.2821
381,0.9179,0.9148,0.9875,0.9750,0.8500,0.1516,0.2820
382,0.9180,0.9149,0.9875,0.9750,0.8501,0.1515,0.2818
383,0.9181,0.9149,0.9875,0.9750,0.8501,0.1514,0.2817
384,0.9182,0.9149,0.9875,0.9750,0.8502,0.1513,0.2816
385,0.9183,0.9149,0.9875,0.9750,0.8502,0.1512,0.2815
386,0.9183,0.9149,0.9875,0.9750,0.8502,0.1511,0.2814
387,0.9184,0.9149,0.9875,0.9750,0.8503,0.1511,0.2812
388,0.9185,0.9150,0.9875,0.9750,0.8503,0.1510,0.2811
389,0.9186,0.9150,0.9875,0.9750,0.8503,0.1509,0.2810
390,0.9187,0.9150,0.9875,0.9750,0.8504,0.1508,0.2809
391,0.9187,0.9150,0.9875,0.9750,0.8504,0.1507,0.2808
392,0.9188,0.9150,0.9875,0.9750,0.8504,0.1506,0.2807
393,0.9189,0.9151,0.9875,0.9750,0.8505,0.1505,0.2805
394,0.9190,0.9151,0.9875,0.9750,0.8505,0.1505,0.2804
395,0.9191,0.9151,0.9875,0.9750,0.8505,0.1504,0.2803
396,0.9191,0.9151,0.9875,0.9750,0.8506,0.1503,0.2802
397,0.9192,0.9151,0.9875,0.9750,0.8506,0.1502,0.2801
398,0.9193,0.9151,0.9875,0.9750,0.8506,0.1501,0.2800
399,0.9194,0.9152,0.9875,0.9750,0.8507,0.1500,0.2799
400,0.9195,0.9152,0.9875,0.9750,0.8507,0.1500,0.2797
401,0.9195,0.9152,0.9875,0.9750,0.8507,0.1499,0.2796
402,0.9196,0.9152,0.9875,0.9750,0.8508,0.1498,0.2795
403,0.9197,0.9152,0.9875,0.9750,0.8508,0.1497,0.2794
404,0.9198,0.9152,0.9875,0.9750,0.8509,0.1497,0.2793
405,0.9198,0.9153,0.9875,0.9750,0.8509,0.1496,0.2792
406,0.9199,0.9153,0.9875,0.9750,0.8509,0.1495,0.2791
407,0.9200,0.9153,0.9875,0.9750,0.8510,0.1494,0.2790
408,0.9201,0.9153,0.9875,0.9750,0.8510,0.1494,0.2789
409,0.9202,0.9153,0.9875,0.9750,0.8510,0.1493,0.2788
410,0.9202,0.9153,0.9875,0.9750,0.8511,0.1492,0.2787
411,0.9203,0.9153,0.9875,0.9750,0.8511,0.1492,0.2786
412,0.9204,0.9153,0.9875,0.9750,0.8511,0.1491,0.2785
413,0.9205,0.9154,0.9875,0.9750,0.8512,0.1490,0.2784
414,0.9205,0.9154,0.9875,0.9750,0.8512,0.1489,0.2783
415,0.9206,0.9154,0.9875,0.9750,0.8513,0.1489,0.2782
416,0.9207,0.9154,0.9875,0.9750,0.8513,0.1488,0.2781
417,0.9208,0.9154,0.9875,0.9750,0.8514,0.1487,0.2781
418,0.9208,0.9154,0.9875,0.9750,0.8514,0.1487,0.2780
419,0.9209,0.9154,0.9875,0.9750,0.8515,0.1486,0.2779
420,0.9210,0.9154,0.9875,0.9750,0.8516,0.1485,0.2778
421,0.9211,0.9154,0.9875,0.9750,0.8517,0.1484,0.2777
422,0.9211,0.9154,0.9875,0.9750,0.8518,0.1484,0.2776
423,0.9212,0.9154,0.9875,0.9750,0.8519,0.1483,0.2775
424,0.9213,0.9154,0.9875,0.9750,0.8520,0.1482,0.2774
425,0.9214,0.9155,0.9875,0.9750,0.8520,0.1482,0.2773
426,0.9214,0.9155,0.9875,0.9750,0.8521,0.1481,0.2772
427,0.9215,0.9155,0.9875,0.9750,0.8522,0.1480,0.2771
428,0.9216,0.9155,0.9875,0.9750,0.8523,0.1480,0.2770
429,0.9217,0.9155,0.9875,0.9750,0.8524,0.1479,0.2769
430,0.9217,0.9155,0.9875,0.9750,0.8525,0.1478,0.2768
431,0.9218,0.9155,0.9875,0.9750,0.8526,0.1478,0.2768
432,0.9219,0.9155,0.9875,0.9750,0.8527,0.1477,0.2767
433,0.9219,0.9155,0.9875,0.9750,0.8528,0.1476,0.2766
434,0.9220,0.9155,0.9875,0.9750,0.8529,0.1476,0.2765
435,0.9221,0.9155,0.9875,0.9750,0.8530,0.1475,0.2764
436,0.9222,0.9155,0.9875,0.9750,0.8531,0.1474,0.2763
437,0.9222,0.9155,0.9875,0.9750,0.8532,0.1474,0.2762
438,0.9223,0.9155,0.9875,0.9750,0.8533,0.1473,0.2761
439,0.9224,0.9155,0.9875,0.9750,0.8533,0.1472,0.2761
440,0.9225,0.9155,0.9875,0.9750,0.8534,0.1472,0.2760
441,0.9225,0.9156,0.9875,0.9750,0.8535,0.1471,0.2759
442,0.9226,0.9156,0.9875,0.9750,0.8536,0.1470,0.2758
443,0.9227,0.9156,0.9875,0.9750,0.8537,0.1470,0.2757
444,0.9227,0.9156,0.9875,0.9750,0.8538,0.1469,0.2756
445,0.9228,0.9156,0.9875,0.9750,0.8539,0.1469,0.2755
446,0.9229,0.9156,0.9891,0.9750,0.8540,0.1468,0.2755
447,0.9230,0.9156,0.9891,0.9750,0.8541,0.1467,0.2754
448,0.9230,0.9156,0.9891,0.9750,0.8542,0.1467,0.2753
449,0.9231,0.9156,0.9891,0.9750,0.8543,0.1466,0.2752
450,0.9232,0.9156,0.9891,0.9750,0.8544,0.1466,0.2751
451,0.9232,0.9156,0.9891,0.9750,0.8545,0.1465,0.2751
452,0.9233,0.9156,0.9891,0.9750,0.8546,0.1464,0.2750
453,0.9234,0.9156,0.9891,0.9750,0.8547,0.1464,0.2749
454,0.9234,0.9156,0.9891,0.9750,0.8548,0.1463,0.2748
455,0.9235,0.9156,0.9891,0.9750,0.8549,0.1463,0.2748
456,0.9236,0.9156,0.9891,0.9750,0.8550,0.1462,0.2747
457,0.9237,0.9156,0.9891,0.9750,0.8551,0.1462,0.2746
458,0.9237,0.9156,0.9891,0.9750,0.8552,0.1461,0.2745
459,0.9238,0.9156,0.9891,0.9750,0.8553,0.1460,0.2744
460,0.9239,0.9156,0.9891,0.9750,0.8553,0.1460,0.2744
461,0.9239,0.9156,0.9891,0.9750,0.8554,0.1459,0.2743
462,0.9240,0.9156,0.9891,0.9750,0.8555,0.1459,0.2742
463,0.9241,0.9156,0.9891,0.9750,0.8555,0.1458,0.2742
464,0.9241,0.9156,0.9891,0.9750,0.8556,0.1458,0.2741
465,0.9242,0.9156,0.9891,0.9750,0.8557,0.1457,0.2740
466,0.9243,0.9156,0.9891,0.9750,0.8557,0.1457,0.2740
467,0.9243,0.9156,0.9891,0.9750,0.8558,0.1456,0.2739
468,0.9244,0.9156,0.9891,0.9750,0.8559,0.1456,0.2738
469,0.9245,0.9156,0.9891,0.9750,0.8559,0.1455,0.2738
470,0.9245,0.9156,0.9891,0.9750,0.8560,0.1455,0.2737
471,0.9246,0.9156,0.9891,0.9750,0.8561,0.1454,0.2737
472,0.9247,0.9156,0.9891,0.9750,0.8561,0.1454,0.2736
473,0.9248,0.9156,0.9891,0.9750,0.8562,0.1453,0.2735
474,0.9248,0.9157,0.9891,0.9750,0.8562,0.1453,0.2735
475,0.9249,0.9157,0.9891,0.9750,0.8563,0.1452,0.2734
476,0.9250,0.9157,0.9891,0.9750,0.8563,0.1452,0.2734
477,0.9250,0.9157,0.9891,0.9750,0.8564,0.1451,0.2733
478,0.9251,0.9157,0.9891,0.9750,0.8564,0.1451,0.2732
479,0.9252,0.9157,0.9891,0.9750,0.8565,0.1450,0.2732
480,0.9252,0.9157,0.9891,0.9750,0.8565,0.1450,0.2731
481,0.9253,0.9157,0.9891,0.9750,0.8566,0.1449,0.2730
482,0.9254,0.9157,0.9891,0.9750,0.8566,0.1449,0.2730
483,0.9254,0.9157,0.9891,0.9750,0.8566,0.1448,0.2729
484,0.9255,0.9157,0.9891,0.9750,0.8567,0.1448,0.2728
485,0.9256,0.9157,0.9891,0.9750,0.8567,0.1447,0.2728
486,0.9256,0.9157,0.9891,0.9750,0.8567,0.1447,0.2727
487,0.9257,0.9157,0.9891,0.9750,0.8568,0.1446,0.2726
488,0.9258,0.9157,0.9891,0.9750,0.8568,0.1446,0.2726
489,0.9258,0.9157,0.9891,0.9750,0.8569,0.1446,0.2725
490,0.9259,0.9157,0.9891,0.9750,0.8569,0.1445,0.2725
491,0.9260,0.9158,0.9891,0.9750,0.8570,0.1445,0.2724
492,0.9260,0.9158,0.9891,0.9750,0.8571,0.1444,0.2723
493,0.9261,0.9158,0.9891,0.9750,0.8571,0.1444,0.2723
494,0.9262,0.9158,0.9891,0.9750,0.8572,0.1443,0.2722
495,0.9262,0.9158,0.9891,0.9750,0.8573,0.1443,0.2721
496,0.9263,0.9158,0.9891,0.9750,0.8574,0.1443,0.2721
497,0.9264,0.9158,0.9891,0.9750,0.8574,0.1442,0.2720
498,0.9264,0.9158,0.9891,0.9750,0.8575,0.1442,0.2720
499,0.9265,0.9158,0.9891,0.9750,0.8576,0.1441,0.2719
